stage,index,year,version,page,2500Bott,singlebott,scarcity,cognitive,external,internal,coordination,technical,demand,2500partner,singlepartner,advertising,nonuniform_progress,performance_constraints,user heterogeneity,content_production,data_center/storage,Internet_infra,content_distribution,"browsers,_apps_&_smart_devices",end_users,external_partners,substitutional_partners
1,40,2007,2007,14,1,1,0,0,0,0,0,1,0,0,0,0,0,1,0,0,0,0,0,0,0,0,0
2,80,2007,2007,18,2,1,0,0,0,0,0,1,0,0,0,0,0,1,0,0,0,0,0,0,0,0,0
1,360,2007,2007,65,3,1,0,0,0,0,0,0,0,1,1,1,1,0,0,0,0,0,0,0,0,0,0
1,400,2007,2007,76,4,1,0,0,0,0,0,1,0,2,1,0,0,1,0,0,1,0,0,0,0,0,0
1,480,2007,2007,82,5,1,0,0,0,0,0,1,0,3,1,0,0,1,0,0,0,1,0,0,0,0,0
1,600,2007,2007,102,6,1,0,0,0,0,0,1,0,4,1,0,0,0,0,0,1,0,0,0,0,0,0
1,160,2007,20072008,37,1,1,0,0,0,0,0,0,1,1,1,0,0,1,1,0,1,0,0,0,0,0,0
2,240,2007,20072008,50,2,1,0,0,0,0,1,0,0,1,1,1,0,1,0,0,0,0,0,0,0,0,0
1,320,2007,20072008,66,3,1,0,0,0,0,0,1,0,1,1,0,0,1,0,0,1,0,0,0,0,0,0
1,480,2007,20072008,95,4,1,0,0,0,0,0,1,0,1,1,0,1,1,0,0,1,0,0,0,0,0,0
1,560,2007,20072008,102,5,1,0,0,0,1,0,1,0,0,0,0,1,0,0,0,0,0,0,0,0,0,0
1,600,2007,20072008,106,6,1,0,0,0,1,1,0,0,0,0,0,1,0,0,0,0,0,0,0,0,0,0
2,160,2007,2007,30,1,1,0,1,0,0,1,0,1,1,0,0,1,0,0,1,0,0,1,1,1,0,0
"1,2",240,2007,2007,41,1,0,0,0,0,1,1,0,1,1,0,1,0,0,1,0,0,0,0,1,0,0,0
2,280,2007,2007,46,2,1,0,0,0,0,1,0,1,2,1,0,0,0,0,1,0,0,0,0,1,0,0
2,320,2007,2007,54,3,1,0,0,0,0,0,0,1,3,0,0,1,0,0,1,0,1,0,0,1,0,0
1,360,2007,2007,60,4,1,0,0,0,0,0,1,0,4,1,0,0,0,0,0,1,0,0,0,0,0,0
1,400,2007,2007,67,5,1,0,0,0,0,0,0,0,5,1,0,0,0,0,0,0,0,0,0,0,1,0
1,480,2007,2007,75,6,1,0,0,1,1,0,1,0,1,0,0,0,1,0,0,1,0,1,1,0,0,0
1,520,2007,2007,82,7,0,0,0,0,1,0,0,0,1,0,0,0,1,0,0,1,1,0,0,0,0,0
1,600,2007,2007,95,8,1,0,0,0,0,0,1,0,6,0,0,0,0,0,0,1,0,0,1,0,0,0
0,640,2007,2007,99,9,1,0,0,0,1,0,0,0,0,0,0,0,0,0,0,0,0,0,0,0,0,0
2,720,2007,2007,105,10,1,0,0,0,0,0,0,1,0,0,0,0,0,1,0,0,0,0,0,0,0,0
0,1040,2007,2007,142,11,1,0,0,0,0,1,1,0,7,1,0,0,0,0,0,0,0,0,1,0,0,0
1,1240,2007,2007,168,12,0,0,0,0,0,0,1,0,0,0,0,0,0,0,0,0,0,0,0,0,0,0
1,1320,2007,2007,176,13,0,0,0,0,0,0,1,0,0,0,0,0,0,0,0,0,0,0,0,0,0,0
2,120,2007,2007,26,1,0,0,0,0,0,0,0,1,1,0,0,0,1,0,0,1,0,0,1,0,0,0
1,240,2007,2007,52,2,1,0,0,0,0,0,1,0,1,1,0,0,1,0,0,1,0,0,1,0,0,0
1,280,2007,2007,56,3,1,0,0,0,0,0,1,0,1,1,0,0,1,0,0,1,0,0,0,0,0,0
1,320,2007,2007,64,4,1,0,0,0,0,0,0,0,1,1,0,0,1,0,0,1,0,0,0,0,0,0
1,360,2007,2007,66,5,1,0,0,0,0,0,1,0,1,1,0,0,1,0,1,1,1,0,1,0,0,0
1,400,2007,2007,74,6,1,0,0,1,0,0,1,0,1,0,0,0,1,0,0,0,1,0,0,0,1,0
"1,2",440,2007,2007,82,7,0,1,1,0,0,1,0,0,1,0,1,0,0,0,1,1,0,0,1,0,1,0
2,520,2007,2007,96,8,1,0,0,0,0,0,1,0,1,0,0,0,0,0,0,1,0,0,1,0,0,0
1,280,2007,2007,59,1,1,0,0,0,0,0,1,0,0,0,0,1,0,0,0,0,0,0,0,0,0,0
1,320,2007,2007,66,2,1,0,0,0,0,1,0,1,1,0,0,0,1,0,0,0,0,0,1,0,1,0
1,360,2007,2007,69,3,0,0,0,0,0,1,0,1,2,0,0,0,0,0,1,0,0,1,0,0,0,0
1,520,2007,2007,92,4,0,0,0,0,1,0,1,0,0,0,0,0,0,0,0,0,0,0,0,0,0,0
1,560,2007,2007,97,5,1,0,0,0,0,0,1,0,0,0,0,0,0,0,0,0,0,0,0,0,0,0
2,120,2008,2008,28,1,0,0,0,0,0,1,0,1,1,0,0,1,0,0,1,0,1,1,0,0,0,0
1,200,2008,2008,38,1,0,0,0,0,1,0,0,0,0,0,0,1,0,0,0,0,0,0,0,0,0,0
1,240,2008,2008,43,1,0,0,0,0,0,1,0,0,1,0,0,1,0,0,1,0,1,0,1,0,0,0
1,280,2008,2008,49,1,0,0,0,1,0,0,0,0,1,0,0,1,0,0,0,0,1,0,0,0,1,0
2,320,2008,2008,54,1,0,0,0,0,0,0,0,0,1,0,0,0,0,0,1,0,1,0,0,0,0,0
0,440,2008,2008,68,1,1,0,0,0,0,1,0,0,0,0,0,0,0,0,0,0,0,0,0,0,0,0
2,480,2008,2008,74,1,1,0,1,0,1,0,0,0,1,1,1,0,0,0,0,0,0,0,0,0,0,0
1,960,2008,2008,138,1,1,0,0,0,1,0,0,0,0,0,0,0,0,0,0,0,0,0,0,0,0,0
"1,2",1280,2008,2008,180,1,0,0,0,0,0,0,0,1,1,0,0,1,0,0,1,0,0,1,0,1,0,0
2,1400,2008,2008,196,1,1,0,0,1,0,0,0,0,0,0,0,0,1,0,0,0,0,0,0,0,0,0
2,200,2008,2008,40,1,1,0,0,0,0,0,1,0,0,0,0,0,0,0,0,0,0,0,0,0,0,0
0,320,2008,2008,68,1,0,0,0,1,0,0,0,1,1,1,0,1,0,0,0,0,0,0,0,0,1,0
2,360,2008,2008,75,1,1,0,0,0,0,1,0,1,1,1,0,1,0,0,1,0,0,0,0,1,0,0
2,440,2008,2008,90,1,0,1,0,0,0,0,0,1,1,1,0,0,0,0,1,0,0,0,0,0,0,0
2,40,2008,2008,18,1,0,0,0,0,1,0,0,0,0,0,0,0,1,0,0,0,0,0,0,0,0,0
1,80,2008,2008,28,1,1,0,0,0,0,0,1,0,0,0,0,0,1,0,0,0,0,0,0,0,0,0
2,160,2008,2008,49,1,1,0,0,0,0,0,0,1,0,0,0,0,0,0,0,0,0,0,0,0,0,0
1,40,2008,20082009,18,1,1,0,0,0,0,1,0,1,1,0,0,0,0,0,1,0,0,1,0,0,0,0
1,160,2008,20082009,36,1,1,0,0,0,0,1,0,0,1,0,0,0,0,0,1,0,0,1,1,0,0,0
1,240,2008,20082009,49,1,1,0,0,0,0,0,0,0,1,1,0,0,1,0,1,0,0,0,0,0,0,0
2,280,2008,20082009,58,1,1,0,0,0,0,0,0,1,0,0,0,0,0,0,0,0,0,0,0,0,0,0
1,440,2008,20082009,81,1,1,0,0,0,0,0,0,0,0,0,0,0,1,0,0,0,0,0,0,0,0,0
2,480,2008,20082009,85,1,1,0,0,0,0,0,0,1,1,0,1,1,0,0,1,1,0,0,0,1,0,0
1,520,2008,20082009,90,1,1,0,0,0,0,0,1,0,1,0,0,0,1,0,0,1,0,0,1,0,0,0
2,160,2008,2008,38,1,1,0,0,0,0,0,0,0,1,1,0,0,1,0,0,1,0,0,0,0,0,0
1,200,2008,2008,43,1,1,0,0,0,0,1,1,0,1,1,0,0,0,0,0,1,0,0,0,0,0,0
1,240,2008,2008,52,1,1,0,0,0,0,1,1,0,1,1,0,0,0,0,0,1,0,0,0,0,0,0
1,280,2008,2008,59,1,1,0,0,0,0,0,0,0,1,1,0,0,1,0,0,1,0,0,0,0,0,0
2,320,2008,2008,66,1,1,0,0,0,0,1,1,0,0,0,0,0,0,0,0,0,0,0,0,0,0,0
0,400,2008,2008,82,1,0,0,0,0,0,1,1,1,1,0,0,1,0,1,1,0,1,0,1,0,0,0
2,520,2008,2008,101,1,1,0,0,0,1,0,0,0,0,0,0,0,1,0,0,0,0,0,0,0,0,0
1,120,2008,2008,33,1,0,0,0,0,0,0,0,0,1,1,0,0,1,0,0,1,0,0,0,0,0,0
2,160,2008,2008,45,1,1,0,0,0,0,0,0,1,0,0,0,0,0,0,0,0,0,0,0,0,0,0
0,200,2008,2008,52,1,1,0,0,0,0,0,1,0,0,0,0,0,0,0,0,0,0,0,0,0,0,0
1,280,2008,2008,66,1,1,0,0,0,1,0,0,0,0,0,0,0,0,0,0,0,0,0,0,0,0,0
1,320,2008,2008,70,1,1,0,0,0,0,0,1,0,1,1,0,0,0,0,0,1,0,0,0,0,0,0
2,400,2008,2008,86,1,0,0,0,0,0,0,0,1,0,0,0,0,0,0,0,0,0,0,0,0,0,0
0,80,2013,2013,18,1,1,0,0,0,0,0,0,1,1,1,0,0,0,0,1,0,0,0,0,0,0,0
0,160,2013,2013,30,1,0,0,0,0,1,0,0,1,1,1,1,0,0,0,0,0,0,0,0,0,0,0
0,200,2013,2013,36,1,0,0,0,0,1,0,1,1,1,0,0,0,0,0,0,1,1,0,0,0,0,0
0,320,2013,2013,54,1,1,0,0,0,0,0,0,1,1,1,0,0,0,0,1,0,0,0,0,1,0,1
0,360,2013,2013,62,1,1,0,0,0,0,0,0,1,1,0,0,0,0,0,1,0,0,0,0,1,0,1
0,520,2013,2013,93,1,1,0,0,0,0,0,0,1,1,0,0,1,0,0,1,0,0,1,0,0,0,0
0,0,2013,2013,1,0,0,0,0,0,0,0,0,0,0,0,0,0,0,0,0,0,0,0,0,0,0,0
0,40,2013,2013,8,0,0,0,0,0,0,0,0,0,0,0,0,0,0,0,0,0,0,0,0,0,0,0
0,80,2013,2013,14,1,1,0,0,0,1,0,0,1,0,0,0,0,0,0,0,0,0,0,0,0,0,0
0,120,2013,2013,21,1,1,0,0,0,0,0,1,0,1,1,0,0,1,0,0,1,0,0,0,0,0,0
0,160,2013,2013,26,1,1,0,0,0,0,0,0,0,1,1,0,0,0,0,0,1,0,0,0,0,0,0
0,200,2013,2013,29,1,1,0,0,0,0,0,1,0,1,1,0,0,1,0,0,1,0,0,0,0,0,0
0,240,2013,2013,36,1,1,0,0,0,0,1,0,1,1,0,0,0,0,1,1,0,0,1,0,1,0,0
0,280,2013,2013,44,0,0,0,0,0,0,0,0,0,0,0,0,0,0,0,0,0,0,0,0,0,0,0
0,320,2013,2013,50,1,1,0,0,0,0,0,0,0,1,1,0,0,1,0,0,0,0,0,0,0,0,0
0,360,2013,2013,54,0,0,0,0,0,0,0,0,0,0,0,0,0,0,0,0,0,0,0,0,0,0,0
0,400,2013,2013,60,1,1,0,0,0,0,0,1,0,1,1,0,0,1,0,0,1,1,0,0,0,0,0
0,440,2013,2013,66,1,1,0,0,0,0,0,0,1,1,1,0,0,1,0,0,1,1,0,0,0,0,0
0,480,2013,2013,71,0,0,0,0,0,0,0,0,0,0,0,0,0,0,0,0,0,0,0,0,0,0,0
0,520,2013,2013,77,1,1,0,0,0,0,0,0,0,1,1,0,0,1,0,0,1,0,0,0,0,0,0
0,560,2013,2013,83,0,0,0,0,0,0,0,0,0,0,0,0,0,0,0,0,0,0,0,0,0,0,0
0,600,2013,2013,88,0,1,0,0,0,0,1,0,0,0,0,0,0,0,0,0,0,0,0,0,0,0,0
0,40,2013,2013,10,1,1,0,0,0,0,0,0,0,1,1,0,0,1,0,0,1,0,0,0,0,0,0
0,120,2013,2013,25,1,1,0,0,0,0,0,0,0,1,1,0,0,1,0,0,1,0,0,0,0,0,0
0,240,2013,2013,42,1,1,0,0,0,0,0,0,0,1,1,0,0,1,0,0,1,0,0,0,0,0,0
0,280,2013,2013,48,1,0,0,0,0,0,0,0,0,1,1,0,0,1,0,0,1,0,0,0,0,0,0
0,360,2013,2013,60,1,1,0,0,0,0,0,0,1,1,1,0,1,1,0,0,1,0,0,0,0,0,0
0,440,2013,2013,69,1,0,0,0,0,0,0,0,0,1,1,0,0,1,0,0,1,0,0,0,0,0,0
0,80,2013,2013,18,1,1,0,0,0,0,0,0,0,1,0,0,0,0,0,1,0,0,1,0,0,0,0
0,120,2013,2013,26,1,0,0,0,0,0,0,1,0,1,0,0,1,1,0,1,1,1,0,0,0,0,0
0,160,2013,2013,32,1,1,0,0,0,0,1,0,1,1,1,1,0,0,0,0,0,0,0,0,0,0,0
0,280,2013,2013,51,1,1,0,0,0,0,0,0,1,0,0,0,0,1,0,0,0,0,0,0,0,0,0
0,320,2013,2013,60,1,1,0,0,0,0,0,0,0,0,0,0,0,0,0,0,0,0,0,0,0,0,0
0,560,2013,2013,82,1,0,0,0,0,0,0,0,1,1,0,0,0,1,0,0,1,0,0,0,0,0,0
0,600,2013,2013,87,1,1,0,0,0,0,0,0,1,0,0,0,0,0,0,0,0,0,0,0,0,0,0
0,200,2013,2013,64,1,1,0,0,0,0,0,0,1,1,0,0,0,0,1,0,0,0,0,0,0,1,0
0,240,2013,2013,72,1,1,0,0,0,0,0,0,1,1,1,1,0,0,0,0,0,0,0,0,0,0,0
0,280,2013,2013,80,1,1,0,0,0,0,0,0,0,0,0,0,0,1,0,0,0,0,0,0,0,0,0
0,320,2013,2013,88,1,1,0,0,0,0,0,0,0,1,1,0,0,1,0,1,0,0,0,0,0,0,0
0,400,2013,2013,105,1,0,0,0,0,1,0,0,1,0,0,0,1,1,0,0,0,0,0,0,0,0,0
0,440,2013,2013,112,1,0,0,0,0,0,1,0,1,1,0,1,0,1,0,0,1,0,0,0,0,0,0
0,520,2013,2013,205,1,1,0,0,0,0,0,0,0,1,1,0,0,1,0,0,1,0,0,0,0,0,0
0,80,2013,2013,20,1,1,0,0,0,0,0,0,1,0,0,0,1,0,0,0,0,0,0,0,0,0,0
0,120,2013,2013,28,1,1,0,0,0,0,0,0,0,1,1,0,0,1,0,0,0,0,0,1,0,0,0
0,160,2013,2013,34,1,0,0,0,0,0,0,0,1,1,0,0,0,1,0,1,1,0,0,1,0,0,0
0,240,2013,2013,53,1,1,0,0,0,0,0,0,0,1,0,0,0,1,0,1,1,1,0,0,0,0,0
0,320,2013,2013,68,1,0,0,0,0,0,0,0,1,0,0,0,0,0,1,0,0,0,0,0,0,0,0
0,360,2013,2013,72,1,0,0,0,0,0,0,1,1,1,1,0,0,1,0,0,1,0,0,0,0,0,0
0,400,2013,2013,76,1,0,0,0,0,0,0,0,0,1,1,0,1,0,0,0,1,0,0,0,0,0,1
0,160,2020,2020,26,1,1,0,0,0,0,0,0,1,0,0,0,0,0,1,0,0,0,0,0,0,0,0
0,160,2020,2020,25,1,1,0,0,0,0,0,0,1,1,1,0,0,0,1,0,0,0,0,0,0,0,1
0,200,2020,2020,29,1,1,0,0,0,0,0,0,1,1,1,0,0,1,0,0,0,0,0,0,0,0,1
0,280,2020,2020,43,1,1,0,0,0,0,0,0,1,0,0,0,0,0,0,0,0,0,0,0,0,0,0
0,320,2020,2020,48,1,1,0,0,0,0,1,0,1,1,1,0,0,0,0,0,0,0,0,1,0,0,0
2,80,2020,2020,15,1,0,0,0,0,0,1,1,1,1,1,0,0,1,0,0,1,0,0,0,0,0,1
0,400,2020,2020,51,1,1,0,0,0,0,0,1,0,0,0,0,0,1,0,0,0,0,0,0,0,0,0
0,560,2020,2020,75,1,1,0,0,0,0,0,1,0,0,0,0,0,1,0,0,0,0,0,0,0,0,0
2,600,2020,2020,79,1,1,0,0,0,0,0,1,1,1,1,0,1,0,0,0,0,1,0,0,0,0,0
0,80,2020,2020,12,1,1,0,0,0,0,1,0,0,1,1,1,0,0,0,0,0,0,0,0,0,0,0
0,320,2020,2020,46,1,1,0,0,1,0,0,0,1,0,0,0,0,1,0,0,0,0,0,0,0,0,0
0,80,2020,2020,7,1,1,0,0,0,0,0,1,0,1,1,0,0,1,0,0,1,0,0,0,0,0,0
0,120,2020,2020,9,1,1,0,0,0,0,0,1,0,1,1,0,0,1,0,0,1,0,0,0,0,0,0
0,160,2020,2020,11,1,1,0,0,0,0,0,1,0,1,0,0,0,1,0,0,1,1,0,1,0,0,0
0,200,2020,2020,13,1,1,0,0,0,0,0,1,0,1,1,0,0,1,0,0,1,0,0,0,0,0,0
0,320,2020,2020,32,1,1,0,0,0,0,0,1,0,1,1,0,0,1,0,0,1,0,0,0,0,0,0
0,40,2020,2020,10,1,1,0,0,1,0,0,0,0,0,0,0,0,1,0,0,0,0,0,0,0,0,0
0,200,2020,2020,35,1,1,0,0,0,0,0,1,1,0,0,0,1,1,0,0,0,0,0,0,0,0,0
0,240,2020,2020,41,1,1,0,0,0,0,0,0,0,0,0,0,0,1,0,0,0,0,0,0,0,0,0
0,280,2020,2020,46,1,1,0,0,0,0,1,0,1,1,1,1,0,0,0,0,0,0,0,0,0,0,0
0,360,2020,2020,59,1,1,0,0,0,0,0,0,1,1,1,0,0,0,0,1,0,0,0,0,0,0,0
0,40,2020,2020,14,1,1,0,0,0,0,0,0,1,1,1,0,0,0,0,0,0,0,0,1,0,0,0
0,80,2020,2020,20,1,1,0,0,0,0,0,0,1,0,0,0,0,1,0,0,0,0,0,0,0,0,0
0,120,2020,2020,23,1,1,0,0,0,0,0,1,0,0,0,0,1,1,0,0,0,0,0,0,0,0,0
0,280,2020,2020,32,1,1,0,0,0,0,1,0,1,1,1,1,0,0,0,0,0,0,0,0,0,0,0
0,400,2020,2020,55,1,1,0,0,0,0,1,0,1,1,1,1,0,0,0,0,0,0,0,0,0,0,0
2,480,2020,2020,67,1,0,0,0,0,0,0,0,1,1,0,0,0,1,0,0,1,0,0,0,0,0,1
0,600,2020,2020,83,1,0,0,0,1,0,1,0,0,1,1,0,0,1,0,0,1,0,0,0,0,0,0
0,80,2020,2020,13,1,1,0,0,0,0,0,0,1,1,0,0,0,1,1,1,0,0,0,0,0,0,1
0,120,2020,2020,19,1,1,0,0,0,0,1,0,0,1,0,0,1,0,0,1,0,1,0,0,0,0,0
0,160,2020,2020,24,1,1,0,0,0,0,1,0,0,1,1,1,0,0,0,0,0,0,0,0,0,0,0
0,320,2020,2020,47,1,1,0,0,1,0,0,0,0,1,1,0,0,0,0,0,0,0,0,0,0,1,0
0,40,2021,2021,4,1,1,0,0,0,0,0,0,1,0,0,0,0,0,1,0,0,0,0,0,0,0,0
0,80,2021,2021,10,1,1,0,0,0,0,0,1,0,1,1,0,0,1,0,0,1,1,0,0,0,0,0
2,120,2021,2021,13,1,1,0,0,0,0,0,1,0,1,1,0,0,1,0,0,1,0,0,0,0,0,0
2,160,2021,2021,18,1,1,0,0,0,0,0,1,0,1,1,0,0,1,0,0,1,0,0,0,0,0,0
0,320,2021,2021,39,1,0,0,0,0,0,0,0,1,1,0,0,0,1,1,1,1,0,0,0,0,0,1
0,360,2021,2021,46,1,0,0,0,0,1,0,0,1,1,1,0,0,0,1,1,0,0,0,0,0,0,0
2,400,2021,2021,52,1,1,0,0,0,0,0,0,1,1,1,0,0,0,1,1,0,0,0,0,0,0,0
0,120,2021,2021,15,1,1,0,0,1,0,0,0,1,1,1,0,0,0,0,0,0,0,0,0,0,0,1
0,160,2021,2021,20,1,1,0,0,0,0,0,1,0,1,1,0,0,1,0,0,1,0,0,0,0,0,0
0,200,2021,2021,29,1,1,0,0,0,0,0,1,0,1,1,0,0,1,0,0,1,0,0,0,0,0,0
0,80,2021,2021,13,1,1,0,0,0,1,0,0,1,1,1,0,0,0,0,1,0,0,0,0,0,0,0
0,120,2021,2021,19,1,1,0,0,0,0,1,0,0,0,0,0,0,0,0,0,0,0,0,0,0,0,0
0,240,2021,2021,33,1,1,0,0,0,0,1,1,0,0,1,1,0,0,0,0,0,0,0,0,0,0,0
0,280,2021,2021,40,1,1,0,0,0,0,0,1,0,1,1,0,0,1,0,0,1,0,0,0,0,0,0
0,320,2021,2021,46,1,1,0,0,0,0,0,1,0,1,0,0,0,1,0,0,0,1,0,1,0,0,0
1,40,2021,2021,4,1,1,0,0,0,0,0,1,0,1,1,0,0,1,0,0,1,0,0,0,0,0,0
0,80,2021,2021,12,1,0,0,0,0,0,0,1,0,1,0,0,0,1,0,0,1,1,0,0,0,0,0
0,200,2021,2021,29,1,1,0,0,1,0,0,1,0,1,1,0,1,0,0,0,1,0,0,0,0,0,0
2,160,2021,2021,31,1,1,0,0,0,0,0,0,1,0,0,0,0,0,1,0,0,0,0,0,0,0,0
0,80,2021,2021,12,1,1,0,0,0,0,0,0,0,0,0,0,0,0,0,0,0,0,0,0,0,0,0
0,160,2021,2021,23,1,1,0,0,1,0,0,0,0,1,1,0,0,1,0,0,0,0,0,0,0,1,0
0,40,2021,2021,8,1,1,0,0,1,0,0,0,0,0,0,0,0,0,0,0,0,0,0,0,0,0,0
0,80,2021,2021,17,1,1,0,0,0,0,0,1,0,1,1,0,1,1,0,0,0,0,0,1,0,0,0
0,120,2021,2021,26,1,1,0,0,0,0,0,0,1,1,1,0,0,0,1,1,0,0,0,0,0,0,0
0,160,2021,2021,32,1,1,0,0,0,1,1,0,0,1,1,1,0,0,0,0,0,0,0,0,0,0,0
0,440,2021,2021,71,1,1,0,0,0,0,0,0,1,0,0,0,0,0,1,0,0,0,0,0,0,0,0
0,520,2021,2021,79,1,1,0,0,1,0,0,0,0,0,0,0,1,0,0,0,0,0,0,0,0,0,0
0,200,2021,2021,29,1,1,0,0,0,0,0,0,1,1,0,0,0,1,1,1,0,0,0,0,0,0,1
0,40,2022,2022,6,1,1,0,0,0,0,0,1,1,0,0,0,0,0,0,0,0,0,0,0,0,0,0
2,160,2022,2022,26,1,1,0,0,0,0,0,1,1,0,0,0,1,1,0,0,0,0,0,0,0,0,0
0,80,2022,2022,12,1,1,0,0,0,0,1,0,1,1,1,0,0,0,0,0,0,0,0,0,1,1,0
0,160,2022,2022,22,1,1,0,0,0,1,0,0,1,0,0,0,0,0,0,0,0,0,0,0,0,0,0
0,200,2022,2022,28,1,1,0,0,0,0,0,1,1,0,0,0,0,1,0,0,0,0,0,0,0,0,0
0,320,2022,2022,47,1,1,0,0,0,0,0,1,1,1,1,0,0,1,1,0,0,0,0,1,0,0,0
0,280,2022,2022,31,1,1,0,0,0,0,1,0,0,1,1,1,0,0,0,0,0,0,0,0,0,0,0
0,440,2022,2022,62,1,1,0,0,0,0,0,0,1,1,1,0,0,1,1,1,0,0,0,0,0,0,1
0,160,2022,2022,20,1,0,0,0,0,1,0,1,0,0,0,0,0,0,0,0,0,0,0,0,0,0,0
0,200,2022,2022,26,1,1,0,0,0,1,0,0,0,1,1,0,0,0,0,1,0,0,0,0,0,0,0
0,40,2022,2022,14,1,1,0,0,0,0,1,0,0,0,0,0,1,0,0,0,0,0,0,0,0,0,1
0,80,2022,2022,20,1,1,0,0,0,0,0,1,0,0,0,0,0,1,0,0,0,0,0,0,0,0,0
0,120,2022,2022,31,1,1,0,0,0,0,0,0,1,1,1,0,0,0,1,1,0,0,0,0,0,0,0
0,160,2022,2022,36,1,1,0,0,0,0,0,0,1,0,0,0,0,0,0,0,0,0,0,0,0,0,0
0,200,2022,2022,44,1,1,0,0,0,0,0,1,0,1,0,0,0,1,0,0,1,0,0,1,0,0,0
0,240,2022,2022,50,1,1,0,0,0,0,0,1,0,1,1,0,0,1,0,0,1,0,0,0,0,0,0
0,360,2022,2022,73,1,1,0,0,0,0,1,0,1,1,1,1,0,0,0,0,0,0,0,0,0,0,0
0,400,2022,2022,77,1,1,0,0,0,0,0,0,1,0,0,0,0,1,0,0,0,0,0,0,0,0,0
0,480,2022,2022,87,1,1,0,0,1,0,0,0,0,1,1,0,0,0,0,0,0,0,0,0,0,1,0
0,520,2022,2022,94,1,1,0,0,0,0,0,1,0,1,1,0,0,1,0,0,1,0,0,0,0,0,1
0,560,2022,2022,98,1,1,0,0,0,0,0,0,1,1,1,0,0,1,0,1,0,0,0,0,0,0,1
0,640,2022,2022,109,1,1,0,0,0,0,0,1,0,1,1,0,0,1,0,0,1,0,0,0,0,0,0
0,120,2022,2022,16,1,1,0,0,0,0,0,1,0,1,1,0,0,1,0,0,0,1,0,0,0,0,0
0,320,2022,2022,39,1,1,0,0,1,0,0,0,0,1,1,0,0,0,0,0,0,0,0,0,0,1,0
0,360,2022,2022,46,1,0,0,0,0,0,0,1,1,1,1,1,0,1,0,0,0,0,0,0,0,0,0
0,40,2023,2023,6,1,1,0,0,0,0,1,0,1,1,0,1,0,0,1,1,0,0,0,0,0,0,0
0,160,2023,2023,29,1,1,0,0,0,0,0,0,1,1,1,0,0,0,1,1,0,0,0,0,0,0,0
0,200,2023,2023,37,1,1,0,0,0,0,0,0,1,1,1,0,0,0,1,1,0,0,0,0,0,0,1
0,240,2023,2023,44,1,1,0,0,0,1,0,1,0,0,0,0,0,1,0,0,0,0,0,0,0,0,0
2,80,2023,2023,14,1,1,0,0,0,0,0,0,1,0,0,0,0,1,1,0,0,0,0,0,0,0,0
0,120,2023,2023,17,1,1,0,0,0,0,0,1,0,1,1,0,0,1,0,0,1,0,0,0,0,0,0
0,280,2023,2023,34,1,1,0,0,0,0,0,1,0,1,1,0,0,1,0,0,1,0,0,0,0,0,0
0,320,2023,2023,40,1,1,0,0,0,0,0,1,0,1,1,1,0,1,0,0,0,0,0,0,0,0,0
0,400,2023,2023,54,1,1,0,0,0,0,0,1,0,1,1,0,0,1,0,1,0,0,0,0,0,0,0
0,200,2023,2023,25,1,1,0,0,0,0,1,0,0,1,1,1,0,0,0,0,0,0,0,0,0,0,0
0,280,2023,2023,33,1,1,0,0,0,0,0,0,1,1,1,0,0,1,0,1,0,0,0,0,0,0,0
0,80,2023,2023,12,1,1,0,0,0,0,0,1,0,0,0,0,0,0,0,0,0,0,0,0,0,0,0
0,160,2023,2023,21,1,1,0,0,0,0,0,1,0,1,1,0,0,1,0,0,1,0,0,0,0,0,0
0,320,2023,2023,41,1,1,0,0,0,0,0,1,0,1,1,0,0,1,0,0,1,0,0,0,0,0,0
0,440,2023,2023,57,1,1,0,0,0,0,0,1,0,1,1,0,0,1,0,0,1,0,0,0,0,0,0
2,40,2023,2023,10,1,1,0,0,0,0,0,0,1,1,0,0,0,0,1,1,0,0,0,0,0,0,1
2,80,2023,2023,17,1,1,0,0,0,0,0,1,0,1,1,0,0,0,0,0,1,0,0,0,0,0,0
0,120,2023,2023,22,1,1,0,0,0,0,1,1,0,1,1,0,0,0,0,0,1,0,0,0,0,0,0
0,200,2023,2023,31,1,1,0,0,0,0,0,0,1,0,0,0,0,0,0,0,0,0,0,0,0,0,0
0,440,2023,2023,67,1,1,0,0,0,0,1,0,1,1,1,1,0,0,0,0,0,0,0,0,0,0,0
0,480,2023,2023,71,1,0,0,0,0,0,0,0,1,1,1,1,0,0,1,0,0,0,0,0,0,0,0
0,640,2023,2023,86,1,1,0,0,0,0,0,1,0,1,1,0,0,1,0,0,1,0,0,0,0,0,0
0,160,2023,2023,18,1,1,0,0,0,0,0,1,0,1,1,0,0,1,0,0,0,1,0,0,0,0,0
0,360,2023,2023,44,1,0,0,0,0,0,0,1,0,0,0,0,0,1,0,0,0,0,0,0,0,0,0
0,480,2023,2023,67,1,1,0,0,0,0,0,1,0,1,1,0,0,1,0,0,1,0,0,0,0,0,0
0,200,2014,2014,35,1,0,0,0,0,0,0,0,1,0,0,0,0,0,0,0,0,0,0,0,0,0,0
0,400,2014,2014,62,1,0,0,0,0,0,0,0,1,1,0,0,0,1,1,0,1,0,0,1,0,0,0
0,560,2014,2014,79,1,1,0,0,0,0,1,1,0,1,0,0,0,1,0,0,1,0,0,1,0,0,0
0,40,2014,2014,8,1,1,0,0,0,0,0,0,0,0,0,0,0,1,0,0,0,0,0,0,0,0,0
0,120,2014,2014,24,1,0,0,0,0,0,1,1,0,1,0,0,1,1,0,1,0,0,0,1,0,0,0
0,160,2014,2014,30,1,1,0,0,0,0,1,1,0,1,0,0,0,1,0,0,1,0,0,1,0,0,0
0,120,2014,2014,22,1,1,0,0,0,0,0,1,0,1,1,0,0,1,0,0,1,0,0,1,0,0,0
0,160,2014,2014,28,1,1,0,0,0,0,0,1,0,0,0,0,0,1,0,0,0,0,0,0,0,0,0
0,240,2014,2014,37,1,1,0,0,0,0,0,1,0,1,1,0,0,1,0,0,1,0,0,0,0,0,0
0,400,2014,2014,65,1,1,0,0,0,0,0,1,0,1,1,0,0,1,0,0,1,0,0,0,0,0,0
0,440,2014,2014,71,1,0,0,0,0,0,1,1,0,1,1,0,0,1,0,0,1,0,0,0,0,0,0
0,40,2014,2014,6,1,0,0,0,0,0,0,1,0,1,0,0,0,1,0,1,0,0,0,0,0,0,1
0,80,2014,2014,14,1,0,0,0,0,0,1,0,0,1,0,1,0,0,0,1,0,0,0,0,0,1,0
0,160,2014,2014,21,1,0,0,0,0,0,0,0,0,1,1,0,0,1,1,0,0,0,0,1,0,0,0
0,200,2014,2014,28,1,1,0,0,0,0,0,1,0,0,0,0,0,0,0,0,0,0,0,0,0,0,0
0,40,2014,2014,6,1,1,0,0,0,0,0,1,0,1,0,0,0,1,0,0,1,1,0,0,0,0,0
0,160,2014,2014,24,1,1,0,0,0,0,0,0,1,0,0,0,0,0,1,0,0,0,0,0,0,0,0
0,200,2014,2014,30,1,1,0,0,0,0,0,1,0,1,1,0,0,1,0,0,1,0,0,0,0,0,0
0,40,2014,2014,10,1,1,0,0,0,0,0,1,0,1,0,0,0,1,0,1,1,0,0,1,0,0,0
0,200,2014,2014,37,1,1,0,0,0,0,0,1,0,1,0,0,0,1,0,1,1,0,0,0,0,0,0
0,400,2014,2014,68,1,1,0,0,0,0,1,1,0,1,1,0,0,1,0,0,1,0,0,0,0,0,0
0,440,2014,2014,70,1,0,0,0,0,0,0,1,1,1,0,0,0,1,0,1,1,0,0,0,0,0,1
0,80,2014,2014,12,1,0,0,0,0,0,0,0,1,0,0,0,0,0,1,0,0,0,0,0,0,0,0
0,120,2014,2014,18,1,1,0,0,0,0,0,0,1,1,0,0,0,0,0,1,0,0,0,1,1,0,0
0,240,2014,2014,31,1,1,0,0,0,0,0,0,1,1,1,0,0,0,0,0,0,0,0,1,0,0,0
0,280,2014,2014,38,1,1,0,0,0,0,0,1,0,1,1,0,0,1,0,0,1,0,0,0,0,0,0
0,320,2014,2014,41,1,1,0,0,0,0,1,0,0,1,0,0,1,0,0,0,1,0,1,0,0,0,0
0,440,2014,2014,56,1,0,0,0,0,0,1,0,1,0,0,0,0,0,0,0,0,0,0,0,0,0,0
0,680,2014,2014,82,1,1,0,0,0,0,0,1,1,1,0,0,0,1,0,0,1,0,0,1,0,0,0
0,720,2014,2014,87,1,1,0,0,0,0,0,1,0,1,1,0,0,1,0,0,1,0,0,0,0,0,0
0,840,2014,2014,99,1,1,0,0,0,0,0,1,0,1,0,0,0,1,0,0,1,0,0,1,0,0,0
0,40,2014,2014,12,1,0,0,0,0,1,0,0,1,1,1,0,0,0,0,1,0,0,0,0,0,0,0
0,80,2014,2014,25,1,0,0,0,0,0,1,0,1,1,1,0,0,0,1,0,0,0,0,1,0,0,0
0,120,2014,2014,30,1,0,0,0,0,0,0,0,1,0,0,0,1,0,1,0,0,0,0,0,0,0,0
0,160,2014,2014,36,1,1,0,0,0,0,0,0,0,0,0,0,0,0,0,0,0,0,0,0,0,0,0
0,200,2014,2014,40,1,0,0,0,0,0,1,0,1,1,1,0,0,0,1,0,0,0,0,1,0,0,0
0,240,2014,2014,46,1,0,0,0,1,1,0,0,1,1,0,1,1,0,1,0,0,0,0,0,0,1,0
0,320,2014,2014,56,1,1,0,0,0,0,0,1,0,1,1,0,1,1,0,0,0,1,0,0,0,0,0
0,400,2014,2014,68,1,0,0,0,0,0,0,1,0,1,1,0,0,1,0,0,1,0,0,0,0,0,0
0,440,2014,2014,73,1,1,0,0,0,0,0,1,0,1,1,0,0,0,0,0,1,0,0,0,0,0,0
0,480,2014,2014,78,1,1,0,0,0,0,0,0,0,1,1,0,0,0,0,0,0,1,0,0,0,0,0
0,840,2014,2014,147,1,1,0,0,0,0,0,1,0,1,1,0,0,1,0,0,0,1,0,0,0,0,0
0,1000,2014,2014,167,1,0,0,0,0,1,1,0,1,1,1,0,0,0,0,0,1,0,0,0,0,0,0
0,40,2014,2014,6,1,1,0,0,0,0,0,1,0,1,1,0,1,1,0,0,0,1,0,0,0,0,0
0,120,2014,2014,20,1,1,0,0,0,0,0,1,1,1,1,0,0,1,0,0,0,0,0,1,0,0,0
0,160,2014,2014,23,1,0,0,0,0,0,0,0,1,0,0,0,1,0,0,0,0,0,0,0,0,0,0
0,440,2014,2014,53,1,1,0,0,0,0,0,0,1,0,0,0,0,1,1,0,0,0,0,0,0,0,0
0,160,2015,2015,28,1,1,0,0,0,0,0,1,0,1,1,0,0,1,0,0,0,1,0,0,0,0,0
0,320,2015,2015,43,1,0,0,0,0,0,1,1,0,1,0,0,0,1,0,0,1,1,0,1,0,1,0
0,440,2015,2015,58,1,1,0,0,0,0,0,1,1,1,1,0,0,1,0,0,1,0,0,0,0,0,0
0,1160,2015,2015,109,1,0,0,0,0,0,0,1,0,1,1,0,0,1,0,0,1,0,0,0,0,0,0
0,120,2015,2015,19,1,0,0,0,0,1,0,1,0,0,0,0,0,1,0,0,0,0,0,0,0,0,0
0,240,2015,2015,38,1,1,0,0,0,0,0,1,1,0,0,0,0,0,1,0,0,0,0,0,0,0,0
0,320,2015,2015,47,1,1,0,0,0,0,1,0,1,1,1,1,0,0,0,0,0,0,0,0,0,0,0
0,360,2015,2015,52,1,1,0,0,0,0,0,0,1,1,0,0,1,0,0,0,0,0,0,1,1,0,0
0,480,2015,2015,66,1,1,0,0,0,0,0,0,0,1,1,0,1,0,0,0,1,0,0,0,0,0,0
0,520,2015,2015,71,1,0,0,0,0,0,0,1,0,1,1,0,0,1,0,0,1,0,0,1,0,0,1
0,560,2015,2015,73,1,1,0,0,0,0,0,1,0,1,1,0,0,1,0,0,1,0,0,0,0,0,0
0,280,2015,2015,37,1,1,0,0,0,0,0,1,0,1,1,0,0,1,0,0,0,0,0,1,0,0,0
0,360,2015,2015,49,1,1,0,0,0,0,0,0,1,0,0,0,0,0,0,0,0,0,0,0,0,0,0
0,520,2015,2015,62,1,0,0,0,0,0,0,1,0,1,1,0,0,1,0,0,1,0,0,0,0,0,0
0,80,2015,2015,14,1,0,0,0,0,0,0,1,0,1,1,0,0,1,0,0,1,0,0,0,0,0,0
0,120,2015,2015,23,1,0,0,0,0,0,0,1,1,1,0,0,0,1,0,1,1,0,0,1,0,0,0
0,160,2015,2015,28,1,1,0,0,0,0,0,1,1,1,1,0,0,0,1,0,0,0,0,1,0,0,0
0,320,2015,2015,55,1,0,0,0,0,0,0,1,0,1,0,0,1,1,0,1,1,0,0,1,0,0,0
0,400,2015,2015,68,1,1,0,0,0,0,0,1,0,1,1,0,0,1,0,0,1,0,0,0,0,0,0
0,480,2015,2015,76,1,0,0,0,0,0,0,1,0,1,1,0,0,0,0,0,0,1,0,0,0,0,0
0,520,2015,2015,77,1,0,0,0,0,0,0,1,0,1,1,0,0,1,0,0,0,1,0,0,0,0,0
0,600,2015,2015,87,1,1,0,0,0,0,0,1,0,1,1,0,0,1,0,0,1,0,0,0,0,0,0
0,40,2015,2015,6,1,0,0,0,1,0,0,0,1,1,1,0,0,0,0,0,0,0,0,0,0,1,0
0,240,2015,2015,44,1,1,0,0,0,0,0,1,1,1,1,0,0,1,0,1,0,0,0,0,0,0,0
0,320,2015,2015,58,1,1,0,0,0,0,0,1,1,1,0,0,0,0,1,1,0,1,0,0,0,0,0
0,520,2015,2015,79,1,0,0,0,0,1,1,0,0,0,0,0,0,0,0,0,0,0,0,0,0,0,0
0,640,2015,2015,94,1,0,0,0,0,0,0,1,0,1,1,0,0,1,0,0,1,0,0,1,0,0,0
0,80,2015,2015,14,1,1,0,0,0,0,1,0,0,1,1,1,0,0,0,0,0,0,0,1,0,0,0
0,120,2015,2015,22,1,0,0,0,0,0,0,1,1,1,0,0,0,1,0,1,1,1,0,0,0,0,0
0,240,2015,2015,35,1,1,0,0,0,0,0,1,1,1,1,0,0,1,0,0,0,0,0,1,0,0,0
0,280,2015,2015,41,1,1,0,0,0,1,0,0,1,0,0,0,0,0,0,0,0,0,0,0,0,0,0
0,320,2015,2015,45,1,0,0,0,0,0,0,1,0,1,0,0,0,1,0,1,1,0,0,1,1,0,0
0,400,2015,2015,53,1,0,0,0,0,1,0,0,0,0,0,0,0,1,0,0,0,0,0,0,0,0,0
0,560,2015,2015,75,1,1,0,0,0,0,0,0,1,1,1,0,0,0,1,1,0,0,0,0,0,1,0
0,640,2015,2015,82,1,0,0,0,0,0,0,1,1,1,1,0,0,1,0,0,0,1,0,0,0,0,0
0,80,2015,2015,20,1,0,0,0,0,0,1,1,0,1,0,0,0,1,0,1,0,0,0,1,0,0,0
0,440,2015,2015,82,1,0,0,0,0,0,0,1,0,1,0,0,0,1,0,0,1,1,1,0,0,0,0
0,480,2015,2015,89,1,0,0,0,0,0,0,1,0,1,1,0,1,0,0,0,1,0,0,0,0,0,0
0,520,2015,2015,93,1,1,0,0,0,0,0,1,0,1,1,0,0,1,0,0,1,1,0,0,0,0,0
0,600,2015,2015,102,1,1,0,0,0,0,0,1,0,1,0,0,0,1,0,0,1,0,0,1,0,0,0
0,680,2015,2015,115,1,1,0,0,0,0,0,0,0,0,0,0,0,0,0,0,0,0,0,0,0,0,0
0,720,2015,2015,122,1,1,0,0,0,0,0,1,0,1,1,0,0,1,0,0,1,0,0,0,0,0,0
0,760,2015,2015,128,1,0,0,0,0,0,0,1,1,1,0,0,0,1,0,1,1,0,0,0,0,0,0
0,1240,2015,2015,185,1,1,0,0,0,0,0,1,0,1,1,0,0,1,0,0,1,0,0,0,0,0,0
0,1360,2015,2015,200,1,1,0,0,0,0,0,1,0,0,0,0,0,1,0,0,0,0,0,0,0,0,0
0,1480,2015,2015,213,1,1,0,0,0,0,1,0,0,1,0,0,0,0,0,0,1,0,1,0,0,0,0
0,1520,2015,2015,218,1,1,0,0,0,0,0,1,0,1,0,0,0,0,0,1,1,0,0,0,0,0,0
0,1560,2015,2015,223,1,0,0,0,0,0,1,1,0,1,0,0,0,1,0,1,0,1,0,1,0,0,0
0,80,2015,2015,12,1,0,0,0,0,0,0,0,1,0,0,0,0,0,1,0,0,0,0,0,0,0,0
0,120,2015,2015,19,1,1,0,0,0,0,1,0,1,1,1,0,0,0,0,1,0,0,0,0,0,0,0
0,160,2015,2015,25,1,0,0,0,0,0,0,1,0,1,1,0,0,1,0,0,1,1,0,0,0,0,0
0,200,2015,2015,29,1,1,0,0,0,0,0,1,0,1,0,0,0,1,0,1,1,0,0,0,0,0,0
0,280,2015,2015,44,1,1,0,0,0,0,0,1,1,1,0,0,0,1,0,0,1,1,0,0,0,0,0
0,520,2015,2015,73,1,1,0,0,0,0,0,1,0,1,1,0,0,1,0,0,1,0,0,0,0,0,0
0,600,2015,2015,81,1,0,0,0,0,0,0,1,1,1,0,1,0,1,0,0,1,0,0,0,0,0,0
0,680,2015,2015,91,1,0,0,0,1,0,1,1,0,1,1,0,0,1,0,0,1,0,0,0,0,0,0
0,720,2015,2015,98,1,1,0,0,0,0,0,0,0,1,1,0,0,0,1,1,0,0,0,0,0,0,0
0,760,2015,2015,102,1,1,0,0,0,0,0,0,1,0,0,0,0,0,0,0,0,0,0,0,0,0,0
0,800,2015,2015,107,1,1,0,0,0,0,0,1,0,1,1,0,0,1,0,0,0,1,0,1,0,0,0
0,80,2016,2016,12,1,0,0,0,0,0,0,0,1,1,1,0,0,0,1,0,1,0,0,0,0,0,0
0,240,2016,2016,39,1,1,0,0,0,0,0,0,1,1,0,0,0,0,0,0,0,1,0,0,0,0,1
0,280,2016,2016,44,1,1,0,0,0,0,0,1,1,1,0,0,0,0,0,0,1,1,0,0,0,0,0
0,400,2016,2016,58,1,1,0,0,0,0,0,0,1,1,1,0,0,0,1,1,0,0,0,0,0,0,0
0,480,2016,2016,68,1,1,0,0,0,0,0,1,1,1,0,0,0,1,0,1,1,0,0,0,0,0,0
0,120,2016,2016,18,1,1,0,0,0,0,0,1,0,1,0,0,0,1,0,1,0,0,0,1,0,0,0
0,200,2016,2016,52,1,0,0,0,0,0,0,1,1,1,0,0,1,0,1,1,1,0,0,0,0,0,0
0,240,2016,2016,67,1,1,0,0,0,0,0,1,0,1,1,0,0,1,0,0,1,0,0,0,0,0,0
0,280,2016,2016,77,1,1,0,1,0,0,0,0,0,0,0,0,0,1,0,0,0,0,0,0,0,0,0
0,160,2016,2016,30,1,0,0,0,0,0,0,0,0,1,0,0,0,1,0,1,0,0,0,0,0,0,1
0,440,2016,2016,66,1,0,0,0,0,1,1,0,0,1,0,1,1,0,0,1,0,0,1,0,0,0,0
0,480,2016,2016,72,1,1,0,0,0,0,0,1,0,1,1,0,0,0,0,0,0,1,0,0,0,0,0
0,520,2016,2016,78,1,0,0,0,0,0,0,1,1,1,1,0,0,1,0,0,1,0,0,0,0,0,0
0,560,2016,2016,82,1,0,0,0,0,0,0,1,0,1,1,0,0,1,0,0,1,0,0,0,0,0,0
0,600,2016,2016,86,1,1,0,0,0,0,0,1,0,1,1,0,1,1,0,0,1,0,0,0,0,0,0
0,40,2016,2016,6,1,1,0,0,0,0,0,1,1,1,1,0,0,1,0,0,0,0,0,1,0,0,1
0,80,2016,2016,11,1,1,0,0,0,0,0,0,1,1,1,0,0,0,1,1,0,0,0,0,0,0,0
0,120,2016,2016,17,1,0,0,0,0,0,0,1,1,1,1,0,0,1,0,0,1,0,0,0,0,0,0
0,200,2016,2016,27,1,1,0,0,0,1,0,1,0,0,0,0,0,0,0,0,0,0,0,0,0,0,0
0,240,2016,2016,34,1,0,0,0,0,0,1,1,1,1,1,0,0,0,0,0,0,0,0,1,0,0,0
0,280,2016,2016,40,1,1,0,0,0,0,0,1,0,1,1,0,0,1,0,0,1,0,0,0,0,0,0
0,40,2016,2016,7,1,1,0,0,0,0,0,1,1,1,1,0,0,1,0,0,0,0,0,1,0,0,0
0,120,2016,2016,19,1,1,0,0,0,1,1,0,1,1,1,1,0,0,0,0,0,0,0,0,0,0,0
0,200,2016,2016,28,1,0,1,0,0,0,0,1,1,1,0,0,0,1,0,1,1,0,0,0,0,0,0
0,320,2016,2016,45,1,1,0,0,0,0,0,1,1,1,1,0,0,1,0,1,0,0,0,0,0,0,0
0,400,2016,2016,56,1,1,0,0,0,0,1,0,0,1,1,1,0,0,0,0,0,0,0,0,0,0,0
0,40,2016,2016,8,1,1,0,0,0,0,0,1,0,1,010000,0,0,1,0,0,1,0,0,1,0,0,0
0,320,2016,2016,65,1,0,0,0,0,0,0,1,1,0,0,0,0,1,0,0,0,0,0,0,0,0,0
0,400,2016,2016,73,1,1,0,0,0,0,1,0,0,0,0,0,0,0,0,0,0,0,0,0,0,0,0
0,440,2016,2016,76,1,1,0,0,0,0,0,1,1,1,1,0,0,1,0,0,0,1,0,0,0,0,0
0,160,2016,2016,30,1,1,0,0,1,0,0,0,0,0,0,0,0,0,0,0,0,0,0,0,0,0,0
0,200,2016,2016,39,1,1,0,0,0,0,0,0,1,1,1,0,0,0,0,0,0,0,0,1,0,0,0
0,240,2016,2016,44,1,1,0,0,0,0,0,0,0,0,0,0,1,0,0,0,0,0,0,0,0,0,0
0,280,2016,2016,50,1,1,0,0,0,0,0,0,0,0,0,0,0,1,0,0,0,0,0,0,0,0,0
0,320,2016,2016,66,1,1,0,0,0,0,0,1,0,1,1,0,0,0,0,0,1,0,0,0,0,0,0
0,560,2016,2016,88,1,1,0,0,0,1,0,0,1,1,1,0,0,0,0,0,0,0,0,0,1,0,0
0,600,2016,2016,93,1,1,0,0,0,0,0,1,0,0,0,0,1,1,0,0,0,0,0,0,0,0,0
0,640,2016,2016,98,1,1,0,0,0,0,0,1,0,1,1,0,0,0,0,0,0,1,0,0,0,0,0
0,680,2016,2016,105,1,1,0,0,0,0,0,1,1,0,0,0,1,1,0,0,0,0,0,0,0,0,0
0,800,2016,2016,116,1,1,0,0,0,0,0,0,1,1,1,0,0,0,0,1,0,0,0,0,0,0,0
0,880,2016,2016,126,1,1,0,0,0,0,0,1,0,1,0,0,0,1,0,0,1,1,0,0,0,0,0
0,1000,2016,2016,142,1,1,0,0,0,0,0,1,0,1,0,0,0,1,0,1,0,0,0,0,0,0,0
0,1120,2016,2016,161,1,1,0,0,0,0,0,0,1,1,1,0,0,0,0,1,0,0,0,0,0,0,0
0,1160,2016,2016,163,1,1,0,0,0,0,1,0,0,1,1,1,0,0,0,0,0,0,0,0,0,0,0
0,1200,2016,2016,169,1,1,0,0,0,0,0,1,0,1,1,0,0,1,0,0,1,0,0,0,0,0,0
0,80,2016,2016,12,1,1,0,0,0,0,0,0,1,1,1,0,0,0,0,1,0,0,0,0,0,0,0
0,160,2016,2016,28,1,1,0,0,0,0,0,0,1,1,1,0,0,0,1,0,0,0,0,1,0,0,0
0,200,2016,2016,33,1,1,0,0,0,1,1,1,0,1,1,0,0,1,0,0,1,0,0,0,0,0,0
0,240,2016,2016,34,1,1,0,0,0,0,0,0,1,1,0,0,0,0,1,1,0,0,0,0,1,0,0
0,360,2016,2016,47,1,0,0,0,0,0,0,0,1,0,0,0,0,0,0,0,0,0,0,0,0,0,0
0,440,2016,2016,61,1,1,0,0,0,1,0,0,0,0,0,0,0,1,0,0,0,0,0,0,0,0,0
0,520,2016,2016,70,1,1,0,0,0,0,0,1,0,1,1,0,0,1,0,0,1,0,0,0,0,0,0
0,560,2016,2016,78,1,1,0,0,0,0,1,0,0,1,1,0,0,0,0,0,0,0,0,0,0,1,0
0,80,2017,2017,14,1,1,0,0,0,0,0,0,1,1,0,0,0,0,0,1,0,0,0,0,0,0,1
0,280,2017,2017,62,1,1,0,0,0,0,0,1,0,1,1,0,0,0,0,0,0,0,1,0,0,0,0
0,520,2017,2017,91,1,0,0,0,0,0,0,1,0,1,1,0,0,1,0,0,1,0,0,0,0,0,0
0,160,2017,2017,26,1,1,0,0,0,0,0,1,0,1,0,0,0,0,0,0,1,1,0,1,0,0,0
0,200,2017,2017,33,1,0,0,0,0,0,1,1,1,1,1,0,0,1,0,0,1,0,0,0,0,0,0
0,240,2017,2017,40,1,0,0,0,0,0,1,0,1,1,1,0,0,0,0,1,0,0,0,0,0,0,0
0,480,2017,2017,75,1,0,0,0,0,1,1,0,1,1,1,1,0,0,0,0,0,0,0,0,0,0,0
0,120,2017,2017,18,1,0,0,0,0,1,0,0,1,0,0,0,0,0,0,0,0,0,0,0,0,0,0
0,160,2017,2017,25,1,0,0,0,0,0,0,1,0,1,1,0,0,0,0,0,1,0,0,0,0,0,0
0,200,2017,2017,31,1,0,0,0,0,0,1,0,1,1,1,1,0,1,0,1,0,0,0,0,0,0,0
0,240,2017,2017,37,1,0,0,0,0,0,0,0,1,1,1,0,0,1,0,0,0,0,0,0,0,1,1
0,480,2017,2017,61,1,0,0,0,0,0,0,0,1,0,0,0,0,1,0,0,0,0,0,0,0,0,0
0,640,2017,2017,81,1,1,0,0,0,0,0,1,0,0,0,0,0,1,0,0,0,0,0,0,0,0,0
0,800,2017,2017,106,1,1,0,0,0,0,0,1,0,1,1,0,1,0,0,0,1,0,0,0,0,0,0
0,840,2017,2017,112,1,0,0,0,0,0,1,1,0,1,0,0,0,0,0,0,1,0,0,0,0,1,0
0,80,2017,2017,13,1,1,1,0,0,0,0,0,0,1,1,0,0,0,0,1,0,0,0,0,0,0,0
0,120,2017,2017,16,1,1,0,0,0,0,0,1,1,1,1,0,0,1,0,0,1,0,0,0,0,0,0
0,400,2017,2017,53,1,1,0,0,0,0,0,1,0,1,0,0,1,0,0,0,1,1,1,0,0,0,0
0,440,2017,2017,59,1,1,0,0,0,0,0,0,1,1,1,0,0,1,0,0,0,0,0,1,0,0,0
0,480,2017,2017,62,1,1,0,0,0,0,0,1,0,0,0,0,1,0,0,0,0,0,0,0,0,0,0
0,320,2017,2017,59,1,1,0,0,0,0,0,1,0,1,1,0,0,0,0,0,1,0,0,0,0,0,0
0,440,2017,2017,75,1,1,0,0,0,0,0,1,0,1,0,0,0,1,0,0,1,1,0,0,0,0,0
0,120,2017,2017,22,1,1,0,0,0,0,0,1,0,1,1,0,0,1,0,1,0,0,0,0,0,0,0
0,160,2017,2017,28,1,1,0,0,0,0,0,1,1,1,1,0,1,1,0,1,0,0,0,0,0,0,0
0,320,2017,2017,57,1,1,0,0,0,0,0,1,0,1,1,0,0,1,0,0,1,1,0,0,0,0,0
0,400,2017,2017,63,1,0,0,0,0,0,0,1,0,1,1,0,0,1,0,0,1,1,0,0,0,0,0
0,80,2017,2017,18,1,0,0,0,0,1,0,0,1,0,0,0,0,0,0,0,0,0,0,0,0,0,0
0,120,2017,2017,26,1,0,0,0,0,0,0,0,1,1,1,0,0,0,0,1,0,0,0,0,0,0,1
0,280,2017,2017,52,1,1,0,0,0,0,1,1,1,1,1,1,0,1,0,0,0,0,0,1,0,0,0
0,320,2017,2017,64,1,1,0,0,0,0,0,1,0,0,0,0,0,1,0,0,0,0,0,0,0,0,0
0,400,2017,2017,74,1,0,0,0,0,0,0,1,0,0,0,0,0,1,0,0,0,0,0,0,0,0,0
0,480,2017,2017,81,1,1,0,0,0,0,0,1,1,1,1,0,0,1,0,0,1,0,0,0,0,0,0
0,800,2017,2017,111,1,1,0,0,0,0,0,1,0,0,0,0,0,1,0,0,0,0,0,0,0,0,0
0,920,2017,2017,125,1,1,0,0,0,0,0,1,0,0,0,0,0,0,0,0,0,0,0,0,0,0,0
0,960,2017,2017,130,1,1,0,0,0,1,0,0,0,1,1,0,0,0,0,0,0,0,0,1,0,0,0
0,1160,2017,2017,166,1,1,0,0,0,0,0,1,0,0,0,0,0,0,0,0,0,0,0,0,0,0,0
0,1280,2017,2017,183,1,1,0,0,0,0,0,1,1,0,0,0,0,1,0,0,0,0,0,0,0,0,0
0,1320,2017,2017,190,1,1,0,0,0,0,0,0,1,1,1,0,0,0,1,0,0,0,0,0,0,0,1
0,1640,2017,2017,231,1,1,0,0,0,0,0,1,0,0,0,0,0,1,0,0,0,0,0,0,0,0,0
0,120,2017,2017,19,1,0,0,0,0,1,0,0,1,1,1,0,0,0,0,1,0,0,0,0,0,0,0
0,200,2017,2017,34,1,1,0,0,0,0,0,1,0,1,1,0,0,0,0,0,1,0,0,0,0,0,0
0,40,2018,2018,7,1,1,0,0,0,0,0,0,1,1,1,0,0,0,1,1,0,0,0,0,0,0,0
0,200,2018,2018,30,1,1,0,0,0,0,0,1,0,0,0,0,0,1,0,0,0,0,0,0,0,0,0
0,280,2018,2018,41,1,1,0,0,0,0,0,0,1,0,0,0,0,1,0,0,0,0,0,0,0,0,0
0,440,2018,2018,65,1,1,0,0,0,0,1,1,1,1,0,1,0,1,0,1,0,0,0,1,0,0,0
0,520,2018,2018,73,1,1,0,0,0,0,0,1,0,1,1,0,0,1,0,0,1,0,0,0,0,0,0
0,40,2018,2018,7,1,1,0,0,1,0,0,0,1,1,1,0,0,0,0,1,0,0,0,0,0,0,0
0,240,2018,2018,40,1,1,0,0,0,0,0,1,0,0,0,0,0,1,0,0,0,0,0,0,0,0,0
0,320,2018,2018,48,1,1,0,0,0,0,0,0,0,1,1,0,0,0,0,1,0,0,0,0,0,0,0
0,360,2018,2018,54,1,1,0,0,0,0,0,1,0,1,1,0,0,1,0,0,0,1,0,0,0,0,0
0,120,2018,2018,18,1,1,0,0,0,0,1,0,0,1,1,1,0,0,0,0,0,0,0,0,0,0,0
0,160,2018,2018,23,1,1,0,0,0,0,0,1,1,0,0,0,0,1,1,0,0,0,0,0,0,0,0
0,280,2018,2018,52,1,1,0,0,0,0,0,1,1,1,1,0,0,1,0,0,1,1,0,0,0,0,0
0,400,2018,2018,66,1,1,0,0,0,0,0,1,0,1,1,0,0,1,0,0,1,0,0,0,0,0,0
0,440,2018,2018,70,1,1,0,0,0,0,0,1,0,1,1,0,0,1,0,0,1,1,0,0,0,0,0
0,640,2018,2018,94,1,1,0,0,0,0,1,0,0,1,0,1,0,0,0,0,0,0,0,1,0,0,0
0,680,2018,2018,99,1,1,0,0,0,0,0,0,0,0,0,0,1,0,0,0,0,0,0,0,0,0,0
0,720,2018,2018,102,1,0,0,0,0,1,0,1,1,0,0,0,1,0,0,0,0,0,0,0,0,0,0
0,200,2018,2018,24,1,1,0,0,0,0,0,1,0,1,1,0,0,1,0,0,1,0,0,0,0,0,0
0,560,2018,2018,65,1,1,0,0,0,0,0,1,1,1,1,0,0,1,0,0,0,0,0,1,0,0,0
0,720,2018,2018,85,1,1,0,0,0,0,0,1,0,1,1,0,0,1,0,0,1,0,0,0,0,0,0
0,40,2018,2018,8,1,0,0,0,0,0,1,0,1,1,0,0,0,0,0,1,0,0,0,0,0,0,1
0,80,2018,2018,17,1,1,0,0,0,0,0,1,0,1,1,0,0,1,0,0,1,0,0,0,0,0,0
0,240,2018,2018,55,1,1,0,0,0,0,0,1,0,1,1,0,1,1,0,0,1,0,0,0,0,0,0
0,320,2018,2018,66,1,1,0,0,0,0,0,1,0,1,1,0,0,1,0,0,0,1,0,0,0,0,0
0,360,2018,2018,72,1,1,0,0,0,0,0,1,0,1,0,0,0,1,0,0,1,1,0,0,0,0,0
0,400,2018,2018,79,1,1,0,0,0,0,0,1,0,1,1,0,0,1,0,0,1,0,0,0,0,0,0
0,40,2018,2018,6,1,1,0,0,0,0,0,1,1,1,1,0,0,1,0,0,0,0,0,1,0,0,0
0,80,2018,2018,15,1,0,0,0,0,0,1,0,1,1,0,0,0,1,1,1,0,0,0,0,1,0,1
0,200,2018,2018,36,1,1,0,0,0,0,0,1,0,1,0,0,0,1,0,1,1,0,0,0,0,0,0
0,240,2018,2018,41,1,1,0,0,0,0,0,1,0,1,1,0,0,1,0,0,0,0,0,1,0,0,0
0,360,2018,2018,63,1,0,0,0,0,0,0,1,0,1,0,0,0,1,0,0,0,1,1,0,0,0,1
0,480,2018,2018,78,1,0,0,0,0,0,1,0,0,0,0,0,0,0,0,0,0,0,0,0,0,0,0
0,80,2018,2018,22,1,1,0,0,0,0,0,0,1,1,0,0,0,0,1,0,0,0,1,0,1,0,0
0,120,2018,2018,32,1,1,0,0,0,0,0,0,1,1,0,0,1,0,0,1,0,0,0,0,0,0,0
0,400,2018,2018,82,1,1,0,0,0,0,1,1,0,0,0,0,0,1,0,0,0,0,0,0,0,0,0
0,920,2018,2018,144,1,1,0,0,0,0,0,1,0,0,0,0,0,1,0,0,0,0,0,0,0,0,0
0,960,2018,2018,148,1,1,0,0,0,0,1,0,1,1,0,0,0,1,0,0,0,0,1,0,0,0,1
0,120,2018,2018,16,1,1,0,0,0,0,0,1,0,1,1,0,0,1,0,0,1,0,0,0,0,0,0
0,160,2018,2018,25,1,0,0,0,0,0,0,1,1,0,0,0,0,1,0,0,0,0,0,0,0,0,0
0,360,2018,2018,51,1,1,0,0,0,0,0,0,1,0,0,0,0,1,0,0,0,0,0,0,0,0,0
0,480,2018,2018,69,1,1,0,0,0,0,0,1,0,1,0,0,0,1,0,0,0,1,0,1,0,0,0
0,80,2019,2019,24,1,0,0,0,0,0,0,1,1,1,1,0,0,1,0,0,1,0,0,0,0,0,0
0,160,2019,2019,44,1,1,0,0,0,0,0,1,0,1,1,0,0,1,0,0,1,0,0,0,0,0,0
0,200,2019,2019,50,1,1,0,0,0,0,1,1,0,1,1,0,0,1,0,0,1,0,0,1,0,0,0
0,320,2019,2019,66,1,1,0,0,0,0,0,0,0,0,0,0,0,1,0,0,0,0,0,0,0,0,0
0,360,2019,2019,70,1,1,0,0,0,1,1,0,0,1,1,1,0,0,0,0,0,0,0,0,0,0,0
0,160,2019,2019,29,1,1,0,0,0,0,0,1,0,1,0,0,0,1,0,1,1,0,0,1,0,0,0
1,280,2019,2019,58,1,1,1,0,0,1,0,0,0,0,0,0,0,0,0,0,0,0,0,0,0,0,0
2,40,2019,2019,4,1,1,0,0,0,0,0,0,1,1,1,0,0,0,0,1,0,0,0,0,0,0,0
0,240,2019,2019,48,1,1,0,0,0,0,0,1,0,0,0,0,0,1,0,0,0,0,0,0,0,0,0
2,320,2019,2019,61,1,1,0,0,0,0,0,1,0,1,1,0,0,1,0,0,1,0,0,0,0,0,0
2,360,2019,2019,70,1,1,0,0,0,0,0,1,0,0,0,0,0,1,0,0,0,0,0,0,0,0,0
2,400,2019,2019,73,1,0,0,0,0,0,0,1,1,1,1,0,0,1,0,0,1,0,0,0,0,0,0
2,40,2019,2019,9,1,1,0,0,0,0,0,0,1,0,0,0,0,0,0,0,0,0,0,0,0,0,0
1,80,2019,2019,16,1,1,0,0,0,0,0,1,0,1,0,0,0,1,0,0,1,1,0,0,0,0,0
0,160,2019,2019,24,1,1,0,0,0,0,0,1,0,1,0,0,0,1,0,0,1,0,0,1,0,0,0
0,240,2019,2019,41,1,1,0,0,0,0,0,1,0,1,1,0,0,1,0,0,1,0,0,0,0,0,0
0,320,2019,2019,49,1,1,0,0,0,0,0,1,1,1,1,0,0,1,0,0,1,0,0,0,0,0,0
0,360,2019,2019,55,1,0,0,0,0,0,0,1,1,1,0,0,0,1,0,1,1,0,0,0,0,0,0
0,480,2019,2019,71,1,1,0,0,0,0,0,1,0,1,1,0,0,1,0,0,1,0,0,0,0,0,0
0,520,2019,2019,77,1,1,0,0,0,0,0,1,0,1,1,0,0,1,0,0,1,0,0,0,0,0,0
0,80,2019,2019,12,1,1,0,0,0,0,0,0,1,1,1,0,0,0,1,1,0,0,0,0,0,0,0
0,240,2019,2019,40,1,0,0,0,0,0,0,1,1,1,1,0,0,1,0,0,1,0,0,0,0,0,1
0,360,2019,2019,57,1,0,0,0,0,0,0,0,1,1,0,0,0,1,1,1,1,0,0,0,0,0,1
0,400,2019,2019,63,1,0,0,0,0,0,0,1,1,1,1,0,0,1,0,0,1,1,0,0,0,0,0
2,280,2019,2019,49,1,1,0,0,0,0,0,1,1,1,1,0,0,1,0,0,0,0,0,0,0,0,1
0,40,2019,2019,16,1,1,0,0,0,0,0,0,1,1,1,0,0,1,1,1,0,0,0,0,0,0,0
0,80,2019,2019,24,1,1,0,0,0,1,0,0,0,0,0,0,0,1,0,0,0,0,0,0,0,0,0
2,760,2019,2019,112,1,1,0,0,0,1,1,0,1,1,1,0,0,1,0,0,0,0,0,0,0,0,1
0,840,2019,2019,123,1,1,0,0,0,0,1,0,1,1,0,0,0,1,1,0,1,0,0,0,0,1,0
0,160,2019,2019,28,1,1,0,0,0,0,0,0,1,0,0,0,0,1,0,0,0,0,0,0,0,0,0
0,280,2019,2019,46,1,0,0,0,1,0,1,0,1,1,0,0,0,1,0,0,0,0,0,0,0,0,0
0,400,2019,2019,63,1,0,0,0,0,0,0,1,1,1,1,0,1,1,1,0,0,1,0,0,0,0,0
0,560,2019,2019,89,1,1,0,0,0,0,0,1,0,1,1,0,0,1,0,0,1,0,0,0,0,0,0
0,80,2009,2009,17,1,1,0,0,0,1,0,0,0,0,0,0,0,0,0,0,0,0,0,0,0,0,0
2,160,2009,2009,30,1,1,0,0,0,0,0,0,1,0,0,0,0,0,0,0,0,0,0,0,0,0,0
0,240,2009,2009,38,1,1,0,0,0,0,1,0,1,1,1,0,0,0,0,1,0,0,0,0,0,0,0
0,400,2009,2009,56,1,1,0,0,0,1,0,1,0,0,0,0,0,0,0,0,0,0,0,0,0,0,0
2,440,2009,2009,59,1,1,0,0,0,0,0,1,0,0,0,0,0,1,0,0,0,0,0,0,0,0,0
0,120,2009,2009,24,1,1,0,0,0,0,0,0,0,0,0,0,0,1,0,0,0,0,0,0,0,0,0
0,320,2009,2009,52,1,1,0,0,0,0,0,0,0,0,0,0,0,1,0,0,0,0,0,0,0,0,0
0,360,2009,2009,58,1,1,0,0,0,0,0,0,1,1,1,1,0,1,0,0,0,0,0,0,0,0,0
1,80,2009,2009,14,1,1,0,0,0,0,0,1,0,0,0,0,1,0,0,0,0,0,0,0,0,0,0
0,120,2009,2009,22,1,1,0,0,0,0,0,1,0,1,1,0,0,0,0,0,0,1,0,0,0,0,0
2,240,2009,2009,38,1,1,0,0,0,0,0,0,0,0,0,0,0,0,0,0,0,0,0,0,0,0,0
0,320,2009,2009,49,1,1,0,0,0,0,0,1,0,1,1,0,0,0,0,0,0,0,0,1,0,0,0
0,360,2009,2009,54,1,1,0,0,0,0,0,0,0,1,1,0,0,1,0,0,0,1,0,0,0,0,0
2,80,2009,2009,38,1,0,0,0,0,0,0,1,0,1,0,1,1,0,0,1,1,0,0,0,0,0,0
0,160,2009,2009,58,1,1,0,0,0,0,0,0,0,0,0,0,0,1,0,0,0,0,0,0,0,0,0
1,200,2009,2009,66,1,0,0,0,1,0,0,1,0,1,0,0,0,1,0,0,0,1,0,1,0,0,0
2,40,2009,2009,12,1,1,0,0,0,0,1,0,1,1,1,1,0,0,0,0,0,0,0,0,0,0,0
2,80,2009,2009,23,1,1,0,0,1,0,1,0,0,1,1,0,0,0,0,0,0,0,0,0,0,1,0
2,200,2009,2009,36,1,1,0,0,0,1,0,0,1,1,1,0,0,1,1,0,1,0,0,0,0,0,0
1,360,2009,2009,50,1,1,0,0,0,1,0,0,0,1,1,0,0,0,0,0,0,1,0,0,0,0,0
1,600,2009,2009,85,1,1,0,0,0,0,0,0,0,1,1,0,0,0,0,0,1,0,0,0,0,0,0
0,720,2009,2009,102,1,1,0,0,0,0,0,1,0,1,1,0,0,0,0,0,1,0,0,0,0,0,0
1,760,2009,2009,110,1,1,0,0,0,0,0,1,1,1,0,0,0,0,0,0,1,0,0,0,1,0,0
0,120,2009,20092010,28,1,1,0,0,0,0,0,1,0,0,0,0,0,1,0,0,0,0,0,0,0,0,0
2,160,2009,20092010,33,1,0,0,0,0,1,0,1,0,0,0,0,0,1,0,0,0,0,0,0,0,0,0
0,280,2009,20092010,55,1,1,0,0,0,0,0,0,0,0,0,0,0,1,0,0,0,0,0,0,0,0,0
0,320,2009,20092010,60,1,1,0,0,0,0,0,1,0,0,0,0,0,1,0,0,0,0,0,0,0,0,0
2,400,2009,20092010,72,1,1,0,0,0,0,0,1,0,1,0,0,1,1,0,1,0,1,0,0,0,0,0
1,480,2009,20092010,79,1,1,0,0,0,0,0,0,1,1,1,0,0,1,0,0,0,1,0,0,0,0,0
2,560,2009,20092010,88,1,1,0,0,0,0,0,0,1,1,1,1,0,1,0,0,0,0,0,0,0,0,0
2,640,2009,20092010,96,1,0,0,0,0,1,0,0,1,0,0,0,0,1,0,0,0,0,0,0,0,0,0
1,680,2009,20092010,100,1,1,0,0,1,0,0,1,0,1,1,0,1,1,0,0,1,0,0,0,0,0,0
2,40,2010,2010,10,1,1,0,0,0,0,0,0,1,1,1,0,0,0,1,0,0,0,0,0,0,1,0
2,80,2010,2010,20,1,1,0,0,0,1,0,0,0,0,0,0,0,0,0,0,0,0,0,0,0,0,0
2,120,2010,2010,28,1,1,0,0,0,0,0,1,0,1,0,0,0,0,0,0,1,1,0,0,0,0,0
2,240,2010,2010,45,1,1,0,0,0,0,0,1,0,1,1,0,0,1,0,0,1,0,0,0,0,0,0
1,280,2010,2010,49,1,1,1,0,0,0,0,1,0,1,1,0,0,1,0,0,0,1,0,0,0,0,0
0,80,2010,2010,16,1,1,0,0,0,0,0,0,0,0,0,0,0,1,0,0,0,0,0,0,0,0,0
1,160,2010,2010,29,1,1,1,0,0,0,0,0,0,1,1,0,0,1,0,0,0,1,0,0,0,0,0
2,280,2010,2010,51,1,1,0,0,0,0,0,0,1,1,1,0,0,0,0,1,0,0,0,0,0,0,0
2,320,2010,2010,56,1,1,0,0,0,0,0,0,1,1,1,0,0,0,1,0,0,0,0,0,0,0,1
2,40,2010,2010,6,1,1,0,0,0,0,0,0,1,0,0,0,0,1,0,0,0,0,0,0,0,0,0
2,80,2010,2010,12,1,0,0,0,0,0,0,0,1,1,1,0,0,0,0,0,0,0,0,1,0,0,0
2,160,2010,2010,19,1,0,0,0,0,0,1,0,0,1,0,1,1,1,0,1,0,0,0,0,0,0,0
0,200,2010,2010,25,1,1,0,0,0,0,1,0,1,1,0,1,0,0,0,0,0,0,0,0,1,0,0
2,40,2010,2010,14,1,1,0,0,0,0,0,0,1,0,0,0,0,1,0,0,0,0,0,0,0,0,0
2,200,2010,2010,41,1,1,0,0,0,0,0,0,1,0,0,0,0,0,0,0,0,0,0,0,0,0,0
2,240,2010,2010,46,1,1,0,0,0,0,1,0,0,1,1,0,0,0,0,0,0,0,0,1,0,1,0
1,480,2010,2010,88,1,1,0,0,0,0,0,1,0,1,1,0,0,1,0,0,1,1,0,0,0,0,0
1,520,2010,2010,94,1,1,0,0,0,0,0,1,0,0,0,0,1,1,0,0,0,0,0,0,0,0,0
1,560,2010,2010,98,1,1,0,0,0,0,0,1,0,1,1,0,0,1,0,0,1,0,0,0,0,0,0
1,600,2010,2010,104,1,1,0,0,0,0,0,1,0,0,0,0,0,1,0,0,0,0,0,0,0,0,0
2,720,2010,2010,126,1,0,0,0,0,1,0,1,1,0,0,0,0,1,0,0,0,0,0,0,0,0,0
0,120,2010,20102011,28,1,1,0,0,0,0,0,0,0,0,0,0,0,1,0,0,0,0,0,0,0,0,0
0,240,2010,20102011,47,1,1,0,0,0,0,0,0,1,0,0,0,0,1,0,0,0,0,0,0,0,0,0
1,280,2010,20102011,56,1,1,0,0,0,0,0,1,0,1,1,0,0,1,0,0,1,1,0,1,0,0,0
1,320,2010,20102011,64,1,1,0,0,0,0,0,1,0,1,1,0,0,1,0,0,1,0,0,0,0,0,0
0,400,2010,20102011,77,1,1,0,0,0,0,0,1,1,1,0,0,1,1,0,0,0,1,0,1,0,0,0
2,40,2011,2011,18,1,0,0,0,0,0,0,0,1,1,1,0,0,1,0,1,0,0,0,0,0,0,0
2,240,2011,2011,62,1,0,0,0,0,1,0,0,0,0,0,0,0,0,0,0,0,0,0,0,0,0,0
1,280,2011,2011,72,1,0,0,0,0,0,1,0,1,1,0,0,0,1,0,0,1,0,0,1,0,0,0
2,360,2011,2011,84,1,1,0,0,0,1,0,1,0,1,0,0,1,1,0,0,1,0,0,1,0,0,0
2,,2011,2011,20,1,1,0,0,0,0,0,0,1,1,1,0,0,0,0,1,0,0,0,0,0,0,0
2,,2011,2011,38,1,1,0,0,0,1,0,0,1,0,0,0,0,0,0,0,0,0,0,0,0,0,0
2,120,2011,2011,24,1,1,0,0,0,0,0,0,0,1,0,0,0,0,0,0,0,1,0,1,0,0,0
0,240,2011,2011,43,1,1,0,0,0,0,0,0,0,0,0,0,0,1,0,0,0,0,0,0,0,0,0
1,280,2011,2011,54,1,1,0,0,0,0,0,1,0,1,0,0,0,1,0,0,1,1,1,1,0,0,0
0,440,2011,2011,80,1,1,0,0,0,0,0,0,0,0,0,0,0,1,0,0,0,0,0,0,0,0,0
2,80,2011,2011,24,1,1,0,0,0,0,1,0,0,1,1,1,0,0,0,0,0,0,0,0,0,0,0
2,120,2011,2011,32,1,0,0,0,0,0,0,0,1,1,1,0,1,0,0,0,0,0,0,1,0,0,0
2,160,2011,2011,37,1,1,0,0,0,0,0,0,1,1,1,1,0,1,1,0,0,0,0,0,0,0,0
0,240,2011,2011,50,1,0,0,0,0,0,1,0,1,1,0,0,1,1,0,1,1,1,0,0,0,0,0
1,440,2011,2011,80,1,1,0,0,0,0,0,0,0,1,1,0,0,1,0,0,1,0,0,0,0,0,0
2,480,2011,2011,84,1,1,0,0,0,0,0,1,1,1,1,0,0,1,0,0,1,0,0,1,0,0,0
2,80,2011,2011,20,1,1,0,0,0,0,0,0,1,1,1,0,0,0,1,1,0,0,0,0,0,0,0
0,120,2011,2011,24,1,1,0,0,0,0,0,1,0,1,1,0,0,1,0,0,0,0,0,0,0,0,1
0,160,2011,2011,29,1,1,0,0,0,0,0,1,0,1,1,0,1,0,0,0,0,0,0,1,0,0,0
2,280,2011,2011,47,1,1,0,0,0,0,0,0,0,0,0,0,0,0,0,0,0,0,0,0,0,0,0
1,600,2011,2011,102,1,1,0,0,0,0,0,0,0,1,1,0,0,1,0,0,1,0,0,0,0,0,0
1,640,2011,2011,105,1,1,0,0,0,1,0,0,1,0,0,0,0,1,0,0,0,0,0,0,0,0,0
2,720,2011,2011,115,1,1,0,0,0,0,0,0,0,1,1,0,0,0,0,0,0,0,0,1,0,0,0
2,760,2011,2011,121,1,1,0,0,1,0,1,0,0,1,1,0,0,0,0,0,0,0,0,0,0,1,0
1,880,2011,2011,139,1,1,0,0,0,0,0,0,0,1,1,0,0,1,0,0,1,0,0,0,0,0,0
0,960,2011,2011,151,1,0,0,0,0,1,0,0,1,0,0,0,0,0,0,0,0,0,0,0,0,0,0
1,1000,2011,2011,158,1,1,1,0,1,0,0,0,0,1,1,0,0,0,0,0,0,1,0,1,0,1,0
2,1160,2011,2011,181,1,1,0,0,0,0,0,1,1,0,0,0,0,1,0,0,0,0,0,0,0,0,0
2,1320,2011,2011,196,1,1,0,0,0,0,0,0,0,1,1,0,0,1,1,0,1,0,0,0,0,0,0
2,40,2011,20112012,12,1,1,0,0,0,0,0,0,1,1,1,0,0,1,0,0,0,0,0,1,0,0,0
2,80,2011,20112012,27,1,1,0,0,0,0,0,0,1,1,1,0,1,0,0,1,0,0,0,0,0,0,0
2,120,2011,20112012,35,1,1,0,0,0,0,0,0,1,1,1,0,1,0,0,1,0,0,0,0,0,0,0
2,160,2011,20112012,44,1,1,0,0,0,0,0,0,0,0,0,0,0,0,0,0,0,0,0,0,0,0,0
2,240,2011,20112012,58,1,1,0,0,0,0,0,1,0,0,0,0,0,1,0,0,0,0,0,0,0,0,0
2,360,2011,20112012,73,1,1,0,0,0,0,0,0,1,0,0,0,0,1,1,0,0,0,0,0,0,0,0
1,400,2011,20112012,77,1,1,0,0,0,0,0,0,0,1,1,0,0,1,0,0,0,1,0,0,0,0,0
"1,2",480,2011,20112012,85,1,0,0,0,0,0,0,0,1,1,0,0,1,1,0,1,1,0,0,1,0,0,0
1,40,2012,2012,18,1,1,0,0,0,0,0,0,1,1,1,0,0,1,0,0,0,0,0,1,0,0,0
,,,,,,,,,,,,,,,,,,,,,,,,,,,
0,80,2012,2012,24,1,1,0,0,0,0,0,1,0,1,0,0,0,1,0,1,1,0,,0,0,0,0
0,240,2012,2012,56,1,1,0,0,0,0,0,0,1,1,0,0,0,1,0,0,0,0,0,1,1,0,0
2,280,2012,2012,63,1,0,0,0,0,0,0,0,1,1,0,0,0,1,1,0,0,0,0,1,0,0,0
2,80,2012,2012,22,1,1,0,0,0,0,0,0,1,1,0,0,0,0,0,1,1,0,0,0,1,0,0
2,120,2012,2012,30,1,1,0,0,0,0,0,0,0,0,0,0,1,0,0,0,0,0,0,0,0,0,0
2,200,2012,2012,42,1,1,0,0,0,0,0,0,1,1,0,1,0,0,0,0,0,0,0,0,0,1,0
2,240,2012,2012,46,1,1,0,0,0,0,0,1,0,1,1,0,0,1,0,0,1,0,0,0,0,0,0
0,280,2012,2012,52,1,1,0,0,0,0,0,0,0,0,0,0,0,1,0,0,0,0,0,0,0,0,0
2,320,2012,2012,59,1,1,0,0,0,0,0,0,0,1,1,0,0,1,0,0,1,0,0,0,0,0,0
2,40,2012,2012,16,1,1,0,0,0,0,0,0,1,1,1,0,0,1,0,0,0,0,0,1,0,0,0
2,80,2012,2012,22,1,1,0,0,0,0,0,0,0,0,0,0,0,0,0,0,0,0,0,0,0,0,0
2,120,2012,2012,29,1,1,0,0,0,0,0,0,1,1,0,0,1,1,0,0,0,0,0,1,1,0,0
0,240,2012,2012,47,1,1,0,0,0,0,0,1,0,0,0,0,0,1,0,0,0,0,0,0,0,0,0
2,80,2012,2012,24,1,1,1,0,0,0,0,1,0,1,0,0,1,0,0,0,0,1,1,0,0,0,0
2,160,2012,2012,40,1,1,0,0,0,0,1,0,0,1,1,1,0,0,0,0,0,0,0,0,0,0,0
2,200,2012,2012,44,1,1,0,0,0,0,0,1,0,1,1,0,0,1,0,0,1,0,0,0,0,0,0
2,240,2012,2012,50,1,1,0,0,0,0,0,0,0,1,1,0,0,1,0,0,0,0,0,1,0,0,0
2,280,2012,2012,55,1,1,0,0,0,0,0,0,1,1,0,0,0,1,1,0,0,0,0,1,1,1,0
2,320,2012,2012,60,1,1,0,0,0,0,0,0,0,1,1,0,0,0,0,0,1,0,0,0,0,0,0
2,400,2012,2012,72,1,1,0,0,0,1,0,1,0,1,1,0,0,1,0,1,0,0,0,0,0,0,0
1,480,2012,2012,84,1,1,1,0,0,0,0,0,0,1,1,0,0,1,0,0,0,1,0,0,0,0,0
2,600,2012,2012,106,1,1,0,0,0,0,1,0,0,1,1,0,0,0,0,0,1,0,0,0,0,0,0
2,680,2012,2012,124,1,1,0,0,0,1,0,0,0,0,0,0,0,1,0,0,0,0,0,0,0,0,0
2,720,2012,2012,129,1,1,0,0,0,0,0,0,0,1,1,0,0,1,0,0,1,0,0,0,0,0,0
1,760,2012,2012,146,1,1,0,0,0,0,0,1,0,1,1,0,0,1,0,0,0,1,0,0,0,0,0
2,800,2012,2012,151,1,1,0,0,0,0,0,1,0,1,1,0,1,1,0,0,1,0,0,0,0,0,0
2,920,2012,2012,173,1,1,0,0,0,0,0,1,1,0,0,0,0,1,0,0,0,0,0,0,0,0,0
2,80,2012,20122013,20,1,1,0,0,1,0,1,0,0,1,0,0,0,0,0,0,0,0,1,0,0,1,0
2,120,2012,20122013,37,1,1,0,0,0,0,0,1,1,1,0,0,0,1,0,0,0,0,1,1,0,0,0
2,240,2012,20122013,50,1,1,0,0,0,0,1,0,0,1,1,0,1,0,0,0,1,0,0,0,0,0,0
2,360,2012,20122013,64,1,0,0,0,0,0,0,0,1,0,0,0,0,1,0,0,0,0,0,0,0,0,0
2,400,2012,20122013,69,1,1,0,0,0,0,0,1,0,0,0,0,0,1,0,0,0,0,0,0,0,0,0
